feature,importance
CREDIT_TO_GOODS_RATIO,172
DAYS_BIRTH,168
EXT_SOURCE_MEAN,147
AMT_ANNUITY,143
INST_IS_LATE_MEAN,138
DAYS_EMPLOYED,129
EXT_SOURCE_1,120
BUREAU_DAYS_CREDIT_MAX,117
AMT_CREDIT,116
BUREAU_DEBT_TO_CREDIT_RATIO,116
EXT_SOURCE_3,112
INST_AMT_INSTALMENT_SUM,103
DAYS_ID_PUBLISH,99
EXT_SOURCE_MIN,97
POS_SK_ID_PREV_COUNT,90
INST_AMT_INSTALMENT_MIN,86
EXT_SOURCE_MAX,86
POS_CNT_INSTALMENT_MAX,85
BUREAU_DAYS_CREDIT_ENDDATE_MAX,85
BUREAU_CREDIT_ACTIVE_COUNT,82
CODE_GENDER_M,81
INST_PAYMENT_RATIO_MEAN,76
INST_AMT_INSTALMENT_MAX,73
INST_DAYS_INSTALMENT_MIN,73
PREV_CNT_PAYMENT_MEAN,72
EXT_SOURCE_2,70
POS_SK_DPD_DEF_MAX,69
PREV_APP_CREDIT_RATIO,68
PREV_APPROVAL_RATE,67
INST_DAYS_INSTALMENT_MEAN,65
BUREAU_AMT_CREDIT_SUM_MAX,63
PREV_STATUS_REFUSED_COUNT,63
POS_CNT_INSTALMENT_MEAN,62
DEBT_TO_INCOME_RATIO,59
PREV_AMT_DOWN_PAYMENT_SUM,56
INST_DAYS_INSTALMENT_MAX,51
BUREAU_DAYS_CREDIT_MEAN,50
DAYS_REGISTRATION,49
OWN_CAR_AGE,48
INST_DPD_MAX,48
DAYS_LAST_PHONE_CHANGE,47
POS_MONTHS_BALANCE_MAX,47
PREV_DAYS_FIRST_DUE_MAX,43
PREV_AMT_ANNUITY_MIN,42
PREV_AMT_ANNUITY_MEAN,42
BUREAU_AMT_CREDIT_SUM_MEAN,41
INST_NUM_INSTALMENT_NUMBER_MAX,41
PREV_CNT_PAYMENT_MAX,40
BUREAU_AMT_CREDIT_SUM_SUM,40
BUREAU_AMT_CREDIT_SUM_OVERDUE_SUM,40
BUREAU_AMT_CREDIT_SUM_DEBT_MEAN,38
INST_DPD_MIN,38
AMT_INCOME_TOTAL,37
TOTAL_DOCUMENTS_PROVIDED,37
NAME_FAMILY_STATUS_Married,36
NAME_EDUCATION_TYPE_Higher_education,36
FLAG_OWN_CAR_Y,35
INST_AMT_PAYMENT_MIN,35
PREV_DAYS_DECISION_MAX,34
PREV_DAYS_LAST_DUE_MEAN,34
BUREAU_DAYS_CREDIT_ENDDATE_MEAN,34
INST_PAYMENT_DIFF_MEAN,34
INST_SK_ID_PREV_COUNT,33
INST_PAYMENT_DIFF_MIN,32
POS_MONTHS_BALANCE_MIN,32
PREV_CNT_PAYMENT_SUM,32
REGION_RATING_CLIENT,32
PREV_DAYS_FIRST_DRAWING_MEAN,31
BUREAU_DAYS_CREDIT_MIN,29
PREV_RATE_DOWN_PAYMENT_MAX,29
INCOME_PER_PERSON,29
INST_DPD_MEAN,29
BUREAU_DAYS_CREDIT_UPDATE_MAX,28
DEF_30_CNT_SOCIAL_CIRCLE,28
INST_PAYMENT_RATIO_MAX,27
PREV_DAYS_DECISION_MEAN,27
BUREAU_AMT_CREDIT_SUM_DEBT_SUM,27
INST_AMT_INSTALMENT_MEAN,26
BUREAU_AMT_CREDIT_SUM_OVERDUE_MEAN,25
FLAG_WORK_PHONE,24
NAME_EDUCATION_TYPE_Secondary_secondary_special,23
AMT_REQ_CREDIT_BUREAU_QRT,22
BUREAU_CREDIT_CLOSED_COUNT,22
PREV_AMT_DOWN_PAYMENT_MAX,22
POS_MONTHS_BALANCE_MEAN,22
PREV_AMT_GOODS_PRICE_MIN,22
DEF_60_CNT_SOCIAL_CIRCLE,22
BUREAU_DAYS_CREDIT_UPDATE_MIN,22
BUREAU_DAYS_CREDIT_UPDATE_MEAN,22
BUREAU_AMT_CREDIT_SUM_LIMIT_MEAN,21
FLOORSMAX_AVG,21
BUREAU_DAYS_CREDIT_ENDDATE_MIN,20
PREV_DAYS_TERMINATION_MEAN,20
PREV_AMT_APPLICATION_MAX,20
PREV_AMT_ANNUITY_MAX,20
INST_PAYMENT_RATIO_MIN,20
BUREAU_AMT_CREDIT_SUM_LIMIT_SUM,19
INST_PAYMENT_DIFF_SUM,19
NAME_INCOME_TYPE_Working,17
PREV_DAYS_FIRST_DUE_MEAN,17
PREV_AMT_APPLICATION_SUM,17
FLAG_DOCUMENT_3,17
INST_NUM_INSTALMENT_VERSION_NUNIQUE,16
POS_CNT_INSTALMENT_SUM,16
NAME_INCOME_TYPE_State_servant,15
PREV_DAYS_DECISION_MIN,15
BUREAU_SK_ID_BUREAU_COUNT,15
PREV_AMT_DOWN_PAYMENT_MEAN,14
POS_SK_DPD_MAX,14
PREV_DAYS_LAST_DUE_MAX,14
PREV_AMT_APPLICATION_MEAN,13
PREV_AMT_GOODS_PRICE_MEAN,13
POS_SK_DPD_MEAN,13
REG_CITY_NOT_LIVE_CITY,13
INST_IS_LATE_SUM,12
PREV_DAYS_FIRST_DRAWING_MIN,12
WALLSMATERIAL_MODE_Panel,12
PREV_DAYS_TERMINATION_MIN,11
ELEVATORS_AVG,11
PREV_AMT_DOWN_PAYMENT_MIN,11
POS_CNT_INSTALMENT_MIN,10
BUREAU_AMT_ANNUITY_SUM,9
PREV_DAYS_LAST_DUE_MIN,8
PREV_NFLAG_INSURED_ON_APPROVAL_MEAN,8
HOUR_APPR_PROCESS_START,8
PREV_STATUS_APPROVED_COUNT,8
PREV_DAYS_FIRST_DUE_MIN,8
AMT_REQ_CREDIT_BUREAU_YEAR,7
OBS_30_CNT_SOCIAL_CIRCLE,7
PREV_DAYS_TERMINATION_MAX,7
INST_PAYMENT_DIFF_MAX,7
PREV_SK_ID_PREV_COUNT,7
PREV_CNT_PAYMENT_MIN,7
AMT_REQ_CREDIT_BUREAU_DAY,6
NAME_CONTRACT_TYPE_Revolving_loans,6
PREV_STATUS_CANCELED_COUNT,6
BUREAU_CREDIT_SOLD_COUNT,6
PREV_STATUS_UNUSED_OFFER_COUNT,5
POS_CNT_INSTALMENT_FUTURE_MIN,5
POS_SK_DPD_MIN,5
FLAG_PHONE,4
NAME_HOUSING_TYPE_House_apartment,4
PREV_AMT_APPLICATION_MIN,4
CNT_FAM_MEMBERS,4
INST_NUM_INSTALMENT_NUMBER_MIN,4
BUREAU_CREDIT_DAY_OVERDUE_SUM,4
PREV_NFLAG_INSURED_ON_APPROVAL_SUM,3
WEEKDAY_APPR_PROCESS_START_MONDAY,3
NAME_EDUCATION_TYPE_Lower_secondary,3
AMT_REQ_CREDIT_BUREAU_WEEK,2
WEEKDAY_APPR_PROCESS_START_SUNDAY,2
CNT_CHILDREN,2
REG_CITY_NOT_WORK_CITY,2
NAME_FAMILY_STATUS_Separated,2
FLAG_EMP_PHONE,1
FLAG_EMAIL,1
AMT_REQ_CREDIT_BUREAU_MON,1
NAME_HOUSING_TYPE_Municipal_apartment,1
WEEKDAY_APPR_PROCESS_START_TUESDAY,1
WEEKDAY_APPR_PROCESS_START_WEDNESDAY,1
FONDKAPREMONT_MODE_reg_oper_account,1
NAME_TYPE_SUITE_Family,1
NAME_FAMILY_STATUS_Single_not_married,1
FLAG_DOCUMENT_6,1
BUREAU_CNT_CREDIT_PROLONG_SUM,1
WEEKDAY_APPR_PROCESS_START_SATURDAY,1
NAME_HOUSING_TYPE_With_parents,1
NAME_HOUSING_TYPE_Rented_apartment,1
FLAG_DOCUMENT_5,0
REG_REGION_NOT_WORK_REGION,0
LIVE_REGION_NOT_WORK_REGION,0
REG_REGION_NOT_LIVE_REGION,0
LIVE_CITY_NOT_WORK_CITY,0
FLAG_DOCUMENT_8,0
POS_SK_DPD_DEF_MIN,0
BUREAU_CREDIT_DAY_OVERDUE_MEAN,0
PREV_DAYS_FIRST_DRAWING_MAX,0
HAS_CHILDREN,0
FLAG_OWN_REALTY_Y,0
NAME_TYPE_SUITE_Spouse_partner,0
NAME_TYPE_SUITE_Unaccompanied,0
NAME_FAMILY_STATUS_Widow,0
NAME_EDUCATION_TYPE_Incomplete_higher,0
NAME_INCOME_TYPE_Commercial_associate,0
WEEKDAY_APPR_PROCESS_START_THURSDAY,0
FONDKAPREMONT_MODE_org_spec_account,0
FONDKAPREMONT_MODE_reg_oper_spec_account,0
WALLSMATERIAL_MODE_Stone_brick,0
WALLSMATERIAL_MODE_Wooden,0
